{
    "MAE": 21.8783694851783,
    "RMSE": 25.86171859956333,
    "R2": 0.11096389060857204
}